NI_In,CarSimChannel,Name,Unit
1,1,CmpRD_L1,mm/s
2,2,CmpRD_L2,mm/s
3,3,CmpRD_R1,mm/s
4,4,CmpRD_R2,mm/s
5,5,Alpha_L1,deg
6,6,Alpha_L2,deg
7,7,Alpha_R1,deg
8,8,Alpha_R2,deg
9,9,Fx_L1,N
10,10,Fx_L2,N
11,11,Fx_R1,N
12,12,Fx_R2,N
13,13,Fy_L1,N
14,14,Fy_L2,N
15,15,Fy_R1,N
16,16,Fy_R2,N
17,17,Fz_L1,N
18,18,Fz_L2,N
19,19,Fz_R1,N
20,20,Fz_R2,N
21,21,Fd_L1,N
22,22,Fd_L2,N
23,23,Fd_R1,N
24,24,Fd_R2,N
25,25,AVy_L1,rpm
26,26,AVy_L2,rpm
27,27,AVy_R1,rpm
28,28,AVy_R2,rpm
29,29,My_Dr_L1,N*m
30,30,My_Dr_L2,N*m
31,31,My_Dr_R1,N*m
32,32,My_Dr_R2,N*m
33,33,AVx,deg/s
34,34,AVz,deg/s
35,35,Ax,g
36,36,Ay,g
37,37,Beta,deg
38,38,Roll,deg
39,39,Yaw,deg
40,40,Xo,m
41,41,Yo,m
42,42,Vx,km/h
43,43,Vy,km/h
44,44,AAx,rad/s^2
45,45,AAz,rad/s^2
46,46,Steer_L1,deg
47,47,Steer_R1,deg
48,48,Steer_SW,deg
49,49,VxTarget,km/h
50,50,LTR,-
