NI_Out,Source,Name,Unit,Description
1,sys(1),Tb_L1,N*m,"分配 QP 解出的制动力矩"
2,sys(2),Tb_L2,N*m,"分配 QP 解出的制动力矩"
3,sys(3),Tb_R1,N*m,"分配 QP 解出的制动力矩"
4,sys(4),Tb_R2,N*m,"分配 QP 解出的制动力矩"
5,sys(5),Fd_L1,N,"MR 半主动悬架指令力"
6,sys(6),Fd_L2,N,"MR 半主动悬架指令力"
7,sys(7),Fd_R1,N,"MR 半主动悬架指令力"
8,sys(8),Fd_R2,N,"MR 半主动悬架指令力"
9,sys(9),Steer_Wheel,deg,"AFS 方向盘转角(自动驾驶: 直接替换)"
10,sys(14),rho_AFS,-,"优先级变量 (PMPC 模式才非零)"
11,sys(15),rho_DB,-,"优先级变量"
12,sys(16),rho_CDC,-,"优先级变量"
13,sys(21),Md_next,N*m,"差动制动力矩指令"
14,sys(29),LTR_real,-,"实测 LTR"
15,sys(30),LTR_Npdc,-,"预测域末端 LTR"
16,sys(31),Vx,km/h,"当前纵向车速"
17,sys(32),Vset_pid,km/h,"纵向目标车速(滤波后)"
18,sys(38),beta,rad,"质心侧偏角(弧度)"
19,PID vel 出1,Throttle,-,"油门开度 -> CarSim IMP_THROTTLE_ENGINE"
20,PID vel 出2,PconBk,MPa,"制动主缸压力 -> CarSim IMP_PCON_BK"
