Index,Name,Unit,Destination,Description
1,Tb_L1,N*m,"CarSim IMP_MYBK_* (Add)","分配 QP 解出的制动力矩"
2,Tb_L2,N*m,"CarSim IMP_MYBK_* (Add)","分配 QP 解出的制动力矩"
3,Tb_R1,N*m,"CarSim IMP_MYBK_* (Add)","分配 QP 解出的制动力矩"
4,Tb_R2,N*m,"CarSim IMP_MYBK_* (Add)","分配 QP 解出的制动力矩"
5,Fd_L1,N,"CarSim IMP_FD_* (Replace)","MR 半主动悬架指令力"
6,Fd_L2,N,"CarSim IMP_FD_* (Replace)","MR 半主动悬架指令力"
7,Fd_R1,N,"CarSim IMP_FD_* (Replace)","MR 半主动悬架指令力"
8,Fd_R2,N,"CarSim IMP_FD_* (Replace)","MR 半主动悬架指令力"
9,Steer_Wheel,deg,"CarSim IMP_STEER_SW (Replace)","AFS 方向盘转角(自动驾驶: 直接替换)"
10,eps1,-,"仅记录","上层 QP 松弛变量"
11,eps2,-,"仅记录","上层 QP 松弛变量"
12,eps3,-,"仅记录","上层 QP 松弛变量"
13,eps4,-,"仅记录","上层 QP 松弛变量"
14,rho_AFS,-,"仅记录","优先级变量 (PMPC 模式才非零)"
15,rho_DB,-,"仅记录","优先级变量"
16,rho_CDC,-,"仅记录","优先级变量"
17,MFxmax,N*m,"仅记录","纵向力矩包络上界"
18,MFx_next,N*m,"仅记录","下一拍纵向力矩"
19,MFxmin,N*m,"仅记录","纵向力矩包络下界(= -MFxmax)"
20,Mdmax,N*m,"仅记录","差动制动力矩上界"
21,Md_next,N*m,"-> PID velocity control 的 DB_active","差动制动力矩指令"
22,Mdmin,N*m,"仅记录","差动制动力矩下界"
23,Fyfmax,N,"仅记录","前轴侧向力上界"
24,Fyf_next,N,"仅记录","下一拍前轴侧向力"
25,Fyfmin,N,"仅记录","前轴侧向力下界(= -Fyfmax)"
26,r_ssmax,rad/s,"仅记录","稳态横摆角速度上界"
27,yawrate,rad/s,"仅记录","当前横摆角速度"
28,r_ssmin,rad/s,"仅记录","稳态横摆角速度下界(= -r_ssmax)"
29,LTR_real,-,"仅记录","实测 LTR"
30,LTR_Npdc,-,"仅记录","预测域末端 LTR"
31,Vx,km/h,"-> PID velocity control 的 Vx","当前纵向车速"
32,Vset_pid,km/h,"-> PID velocity control 的 Set_Vx","纵向目标车速(滤波后)"
33,yr,m,"仅记录","参考路径投影点的 Y"
34,Vtotal,m/s,"仅记录","合成速度 sqrt(Vx^2+Vy^2)"
35,LTR,-,"仅记录","LTR(与 29 同源)"
36,alpha_r_avg,deg,"仅记录","后轴平均侧偏角"
37,Yaw,deg,"仅记录","航向角"
38,beta,rad,"仅记录","质心侧偏角(弧度)"
39,CafTan,N/rad,"仅记录","前轴在线切线刚度(负)"
40,CarTan,N/rad,"仅记录","后轴在线切线刚度(负)"
41,Roll,rad,"仅记录","侧倾角"
42,Rollrate,rad/s,"仅记录","侧倾角速度"
43,Fx_L1,N,"仅记录","轮胎纵向力(透传)"
44,Fx_L2,N,"仅记录","轮胎纵向力(透传)"
45,Fx_R1,N,"仅记录","轮胎纵向力(透传)"
46,Fx_R2,N,"仅记录","轮胎纵向力(透传)"
47,Fy_L1,N,"仅记录","轮胎侧向力(透传)"
48,Fy_L2,N,"仅记录","轮胎侧向力(透传)"
49,Fy_R1,N,"仅记录","轮胎侧向力(透传)"
50,Fy_R2,N,"仅记录","轮胎侧向力(透传)"
51,Fz_L1,N,"仅记录","轮胎垂向力(透传)"
52,Fz_L2,N,"仅记录","轮胎垂向力(透传)"
53,Fz_R1,N,"仅记录","轮胎垂向力(透传)"
54,Fz_R2,N,"仅记录","轮胎垂向力(透传)"
