Index,Name,Unit,Used,Description
1,CmpRD_L1,mm/s,1,"悬架压缩速度 -> V_l1..r2 (/1000 -> m/s)"
2,CmpRD_L2,mm/s,1,"悬架压缩速度 -> V_l1..r2 (/1000 -> m/s)"
3,CmpRD_R1,mm/s,1,"悬架压缩速度 -> V_l1..r2 (/1000 -> m/s)"
4,CmpRD_R2,mm/s,1,"悬架压缩速度 -> V_l1..r2 (/1000 -> m/s)"
5,Alpha_L1,deg,1,"轮胎侧偏角"
6,Alpha_L2,deg,1,"轮胎侧偏角"
7,Alpha_R1,deg,1,"轮胎侧偏角"
8,Alpha_R2,deg,1,"轮胎侧偏角"
9,Fx_L1,N,1,"轮胎纵向力"
10,Fx_L2,N,1,"轮胎纵向力"
11,Fx_R1,N,1,"轮胎纵向力"
12,Fx_R2,N,1,"轮胎纵向力"
13,Fy_L1,N,1,"轮胎侧向力"
14,Fy_L2,N,1,"轮胎侧向力"
15,Fy_R1,N,1,"轮胎侧向力"
16,Fy_R2,N,1,"轮胎侧向力"
17,Fz_L1,N,1,"轮胎垂向力"
18,Fz_L2,N,1,"轮胎垂向力"
19,Fz_R1,N,1,"轮胎垂向力"
20,Fz_R2,N,1,"轮胎垂向力"
21,Fd_L1,N,1,"减振器力(MR 实际出力)"
22,Fd_L2,N,1,"减振器力(MR 实际出力)"
23,Fd_R1,N,1,"减振器力(MR 实际出力)"
24,Fd_R2,N,1,"减振器力(MR 实际出力)"
25,AVy_L1,rpm,1,"车轮转速 (*pi/30 -> rad/s)"
26,AVy_L2,rpm,1,"车轮转速 (*pi/30 -> rad/s)"
27,AVy_R1,rpm,1,"车轮转速 (*pi/30 -> rad/s)"
28,AVy_R2,rpm,1,"车轮转速 (*pi/30 -> rad/s)"
29,My_Dr_L1,N*m,1,"车轮驱动力矩"
30,My_Dr_L2,N*m,1,"车轮驱动力矩"
31,My_Dr_R1,N*m,1,"车轮驱动力矩"
32,My_Dr_R2,N*m,1,"车轮驱动力矩"
33,AVx,deg/s,1,"侧倾角速度"
34,AVz,deg/s,1,"横摆角速度"
35,Ax,g,1,"纵向加速度 (*g -> m/s^2)"
36,Ay,g,1,"侧向加速度 (*g -> m/s^2)"
37,Beta,deg,1,"质心侧偏角"
38,Roll,deg,1,"侧倾角"
39,Yaw,deg,1,"航向角"
40,Xo,m,1,"全局 X"
41,Yo,m,1,"全局 Y"
42,Vx,km/h,1,"纵向车速 (/3.6 -> m/s)"
43,Vy,km/h,1,"侧向车速 (/3.6 -> m/s)"
44,AAx,rad/s^2,1,"侧倾角加速度 (代码未换算, 直接当 rad/s^2 用)"
45,AAz,rad/s^2,1,"横摆角加速度 (代码未换算, 直接当 rad/s^2 用)"
46,Steer_L1,deg,1,"左前轮转角"
47,Steer_R1,deg,1,"右前轮转角"
48,Steer_SW,deg,1,"方向盘转角"
49,VxTarget,km/h,1,"目标车速"
50,LTR,-,1,"横向载荷转移率(CarSim 自算)"
