0,0,0
2,0,2
4,0,4
6,0,6
8,0,8
10,0,10
12,0,12
14,0,14
16,0,16
18,0,18
20,0,20
22,2.03529776219944e-07,22
24,3.61504003626282e-07,24
26,6.42093469825182e-07,26
28,1.1404686929208e-06,28.0000000000001
30,2.02566878414817e-06,30.0000000000003
32,3.59793587999418e-06,32.000000000001
34,6.39055024987867e-06,34.0000000000029
36,1.13507046723457e-05,36.0000000000093
38,2.01607611312905e-05,38.0000000000291
40,3.5808834747812e-05,40.0000000000919
42,6.36021754618441e-05,42.00000000029
44,0.000112966875772838,44.0000000009148
46,0.00020064372713957,46.0000000028858
48,0.00035636229354402,48.0000000091029
50,0.00063291173156181,50.0000000287118
52,0.00112400524339879,52.0000000905463
54,0.00199593774398025,54.000000285468
56,0.00354358642828089,56.0000008995479
58,0.0062891574659365,58.0000028320496
60,0.0111553180511687,60.0000089019541
62,0.0197656499499414,62.0000279025714
64,0.0349564149820436,64.0000870236893
66,0.0616185415562746,66.0002690417373
68,0.107992902471805,68.0008191114349
70,0.187397338646094,70.0024287293438
72,0.319771973137792,72.0068871382985
74,0.530918577572668,74.0181661632879
76,0.845084027777897,76.0429236078925
78,1.26728556644979,78.0871822844506
80,1.76324697422083,80.1477930564531
82,2.26155128065304,82.2089625554565
84,2.68947195953361,84.2544024005671
86,3.01014203158861,86.2801806815851
88,3.22674806684294,88.2920455024012
90,3.36299347860625,90.2967672332734
92,3.44488475754909,92.2984790006739
94,3.49276606219145,94.2990653571564
96,3.52030728251594,96.2992595737341
98,3.53599219270847,98.2993226098837
100,3.54485918515285,100.299342768526
102,3.54982139628703,102.29934908998
104,3.55252461486741,104.299350973938
106,3.55385999914089,106.299351442915
108,3.5542453976793,108.299351494358
110,3.55374815060085,110.299351573969
112,3.55207842758537,112.299352312422
114,3.54843719331898,114.299355759549
116,3.54114693558904,116.299369518281
118,3.52691274917101,118.299421891273
120,3.4994518186186,120.299616605647
122,3.44714832554597,122.300321820387
124,3.34963706243727,124.302765486093
126,3.17474678530849,126.310580367515
128,2.88174724471274,128.3322879859
130,2.44273898191737,130.380295956843
132,1.88387597116576,132.457029868427
134,1.303254257392,134.539637745211
136,0.814445700472999,136.598823918971
138,0.470676103660423,138.628558229808
140,0.258337637790065,140.640042324285
142,0.137523300791596,142.643787201726
144,0.0719760513790768,144.644893777614
146,0.0373292513111148,146.645203555796
148,0.0192680089520278,148.645287821765
150,0.0099208137960427,150.645310402583
152,0.00510154091035142,152.645316406747
154,0.00262161469471955,154.645317996847
156,0.0013467560981244,156.64531841709
158,0.000691724697098106,158.645318528037
160,0.000355253767049479,160.645318557312
162,0.000182441699143165,162.645318565034
164,9.36912976836624e-05,164.645318567071
166,4.81137406778132e-05,166.645318567608
168,2.47079252773119e-05,168.64531856775
170,1.2688259121596e-05,170.645318567787
172,6.51579000399138e-06,172.645318567797
174,3.34604475371592e-06,174.6453185678
176,1.71828902395532e-06,176.6453185678
178,8.82390007284073e-07,178.645318567801
180,4.53132162014924e-07,180.645318567801
182,2.32696129920384e-07,182.645318567801
184,1.19496011308229e-07,184.645318567801
186,6.13645623204206e-08,186.645318567801
188,3.15124268901457e-08,188.645318567801
190,1.61825162159346e-08,190.645318567801
192,8.31017610281037e-09,192.645318567801
194,4.26750856874492e-09,194.645318567801
196,2.19148477142994e-09,196.645318567801
198,1.12538867114154e-09,198.645318567801
200,5.77918601862848e-10,200.645318567801
202,0,202.645318567801
204,0,204.645318567801
206,0,206.645318567801
208,0,208.645318567801
210,0,210.645318567801
212,0,212.645318567801
214,0,214.645318567801
216,0,216.645318567801
218,0,218.645318567801
220,0,220.645318567801
222,0,222.645318567801
224,0,224.645318567801
226,0,226.645318567801
228,0,228.645318567801
230,0,230.645318567801
232,0,232.645318567801
234,0,234.645318567801
236,0,236.645318567801
238,0,238.645318567801
240,0,240.645318567801
242,0,242.645318567801
244,0,244.645318567801
246,0,246.645318567801
248,0,248.645318567801
250,0,250.645318567801
252,0,252.645318567801
254,0,254.645318567801
256,0,256.645318567801
258,0,258.645318567801
260,0,260.645318567801
262,0,262.645318567801
264,0,264.645318567801
266,0,266.645318567801
268,0,268.645318567801
270,0,270.645318567801
272,0,272.645318567801
274,0,274.645318567801
276,0,276.645318567801
278,0,278.645318567801
280,0,280.645318567801
281.998923555559,0.0285465020267539,282.644509646244
283.996216760394,0.114162725170505,284.643700724688
285.990250593519,0.256778839611607,286.642891803131
287.979398692338,0.456278525601485,288.642082881575
289.96203867913,0.712499068334712,290.641273960018
291.936553484284,1.02523149066149,292.640465038462
293.901332665202,1.39422072353246,294.639656116905
295.854773719804,1.81916581403666,296.638847195349
297.795283393544,2.29972017086301,298.638038273792
299.7212789789,2.83549184698518,300.637229352236
301.631189606246,3.42604385933925,302.636420430679
303.52345752508,4.07089454523327,304.635611509123
305.396539374545,4.76951795519834,306.634802587566
307.248907442217,5.52134428196049,308.63399366601
309.079050910132,6.32576032518372,310.633184744453
310.885477087025,7.18210999160491,312.632375822897
312.666712625797,8.089694830153,314.63156690134
314.421304725192,9.0477746016156,316.630757979784
316.147822314727,10.0555678823888,318.629949058227
317.844857221892,11.1122527018173,320.629140136671
319.511025320674,12.2169672126058,322.628331215114
321.144967660473,13.3688103937537,324.627522293558
322.745351574481,14.5668427854407,326.626713372001
324.310871766621,15.8100872552642,328.625904450445
325.84025137617,17.0975297952019,330.625095528888
327.332243019181,18.4281203486517,332.624286607332
328.785629805871,19.8007736668726,334.623477685775
330.199226333127,21.2143701941295,336.622668764219
331.571879651348,22.6677569808186,338.621859842663
332.902470204798,24.15974862383,340.621050921106
334.189912744736,25.6891282333791,342.620241999549
335.433157214559,27.2546484255193,344.619433077993
336.631189606246,28.8550323395269,346.618624156437
337.783032787394,30.4889746793262,348.61781523488
338.887747298183,32.1551427781082,350.617006313324
339.944432117611,33.8521776852727,352.616197391767
340.952225398384,35.5786952748077,354.615388470211
341.910305169847,37.3332873742028,356.614579548654
342.817890008395,39.1145229129745,358.613770627098
343.674239674816,40.920949089868,360.612961705541
344.478655718039,42.7510925577826,362.612152783985
345.230482044802,44.6034606254551,364.611343862428
345.929105454767,46.4765424749199,366.610534940872
346.573956140661,48.3688103937537,368.609726019315
347.164508153015,50.2787210210999,370.608917097759
347.700279829137,52.2047166064559,372.608108176202
348.180834185963,54.1452262801965,374.607299254646
348.605779276468,56.0986673347978,376.606490333089
348.974768509339,58.0634465157163,378.605681411533
349.287500931665,60.03796132087,380.604872489977
349.543721474399,62.0206013076622,382.60406356842
349.743221160388,64.0097494064812,384.603254646864
349.885837274829,66.0037832396062,386.602445725307
349.971453497973,68.0010764444413,388.601636803751
350,70,390.600827882194
350,72,392.600827882194
350,74,394.600827882194
350,76,396.600827882194
350,78,398.600827882194
350,80,400.600827882194
350,82,402.600827882194
350,84,404.600827882194
350,86,406.600827882194
350,88,408.600827882194
350,90,410.600827882194
350,92,412.600827882194
350,94,414.600827882194
350,96,416.600827882194
350,98,418.600827882194
350,100,420.600827882194
350,102,422.600827882194
350,104,424.600827882194
350,106,426.600827882194
350,108,428.600827882194
350,110,430.600827882194
350,112,432.600827882194
350,114,434.600827882194
350,116,436.600827882194
350,118,438.600827882194
350,120,440.600827882194
350,122,442.600827882194
350,124,444.600827882194
350,126,446.600827882194
350,128,448.600827882194
350,130,450.600827882194
350,132,452.600827882194
350,134,454.600827882194
350,136,456.600827882194
350,138,458.600827882194
350,140,460.600827882194
350,142,462.600827882194
350,144,464.600827882194
350,146,466.600827882194
350,148,468.600827882194
350,150,470.600827882194
350,152,472.600827882194
350,154,474.600827882194
350,156,476.600827882194
350,158,478.600827882194
350,160,480.600827882194
350,162,482.600827882194
350,164,484.600827882194
350,166,486.600827882194
350,168,488.600827882194
350,170,490.600827882194
